-- MySQL Script generated by MySQL Workbench
-- Tue Oct  5 18:57:40 2021
-- Model: New Model    Version: 1.0
-- MySQL Workbench Forward Engineering

SET @OLD_UNIQUE_CHECKS=@@UNIQUE_CHECKS, UNIQUE_CHECKS=0;
SET @OLD_FOREIGN_KEY_CHECKS=@@FOREIGN_KEY_CHECKS, FOREIGN_KEY_CHECKS=0;
SET @OLD_SQL_MODE=@@SQL_MODE, SQL_MODE='ONLY_FULL_GROUP_BY,STRICT_TRANS_TABLES,NO_ZERO_IN_DATE,NO_ZERO_DATE,ERROR_FOR_DIVISION_BY_ZERO,NO_ENGINE_SUBSTITUTION';

-- -----------------------------------------------------
-- Schema chg21
-- -----------------------------------------------------
DROP SCHEMA IF EXISTS `chg21` ;

-- -----------------------------------------------------
-- Schema chg21
-- -----------------------------------------------------
CREATE SCHEMA IF NOT EXISTS `chg21` DEFAULT CHARACTER SET utf8mb4 COLLATE utf8mb4_0900_ai_ci ;
USE `chg21` ;

-- -----------------------------------------------------
-- Table `chg21`.`petstore`
-- -----------------------------------------------------
DROP TABLE IF EXISTS `chg21`.`petstore` ;

CREATE TABLE IF NOT EXISTS `chg21`.`petstore` (
  `pst_id` SMALLINT UNSIGNED NOT NULL AUTO_INCREMENT,
  `pst_name` VARCHAR(30) NOT NULL,
  `pst_street` VARCHAR(30) NOT NULL,
  `pst_city` VARCHAR(30) NOT NULL,
  `pst_state` CHAR(2) NOT NULL,
  `pst_zip` CHAR(9) NOT NULL,
  `pst_phone` BIGINT UNSIGNED NOT NULL,
  `pst_email` VARCHAR(100) NOT NULL,
  `pst_url` VARCHAR(100) NOT NULL,
  `pst_ytd_sales` DECIMAL(10,2) NOT NULL,
  `pst_notes` VARCHAR(255) NULL,
  PRIMARY KEY (`pst_id`))
ENGINE = InnoDB;


-- -----------------------------------------------------
-- Table `chg21`.`customer`
-- -----------------------------------------------------
DROP TABLE IF EXISTS `chg21`.`customer` ;

CREATE TABLE IF NOT EXISTS `chg21`.`customer` (
  `cus_id` SMALLINT UNSIGNED NOT NULL AUTO_INCREMENT,
  `cus_fname` VARCHAR(15) NOT NULL,
  `cus_lname` VARCHAR(30) NOT NULL,
  `cus_street` VARCHAR(30) NOT NULL,
  `cus_city` VARCHAR(30) NOT NULL,
  `cus_state` CHAR(2) NOT NULL,
  `cus_zip` CHAR(9) NOT NULL,
  `cus_phone` BIGINT UNSIGNED NOT NULL,
  `cus_email` VARCHAR(100) NOT NULL,
  `cus_balance` DECIMAL(8,2) UNSIGNED NOT NULL,
  `cus_total_sales` DECIMAL(8,2) UNSIGNED NOT NULL,
  `cus_notes` VARCHAR(255) NULL,
  PRIMARY KEY (`cus_id`))
ENGINE = InnoDB;


-- -----------------------------------------------------
-- Table `chg21`.`pet`
-- -----------------------------------------------------
DROP TABLE IF EXISTS `chg21`.`pet` ;

CREATE TABLE IF NOT EXISTS `chg21`.`pet` (
  `pet_id` SMALLINT UNSIGNED NOT NULL AUTO_INCREMENT,
  `pst_id` SMALLINT UNSIGNED NOT NULL,
  `cus_id` SMALLINT UNSIGNED NULL,
  `pet_type` VARCHAR(45) NOT NULL,
  `pet_sex` ENUM('m', 'f') NOT NULL,
  `pet_cost` DECIMAL(6,2) UNSIGNED NOT NULL,
  `pet_price` DECIMAL(6,2) UNSIGNED NOT NULL,
  `pet_age` TINYINT UNSIGNED NOT NULL,
  `pet_color` VARCHAR(30) NOT NULL,
  `pet_sale_date` DATE NULL,
  `pet_vaccine` ENUM('y', 'n') NOT NULL,
  `pet_neuter` ENUM('y', 'n') NOT NULL,
  `pet_notes` VARCHAR(255) NULL,
  PRIMARY KEY (`pet_id`),
  INDEX `fk_pet_petstore_idx` (`pst_id` ASC) VISIBLE,
  INDEX `fk_pet_customer1_idx` (`cus_id` ASC) VISIBLE,
  CONSTRAINT `fk_pet_petstore`
    FOREIGN KEY (`pst_id`)
    REFERENCES `chg21`.`petstore` (`pst_id`)
    ON DELETE CASCADE
    ON UPDATE CASCADE,
  CONSTRAINT `fk_pet_customer1`
    FOREIGN KEY (`cus_id`)
    REFERENCES `chg21`.`customer` (`cus_id`)
    ON DELETE CASCADE
    ON UPDATE CASCADE)
ENGINE = InnoDB;


SET SQL_MODE=@OLD_SQL_MODE;
SET FOREIGN_KEY_CHECKS=@OLD_FOREIGN_KEY_CHECKS;
SET UNIQUE_CHECKS=@OLD_UNIQUE_CHECKS;

-- -----------------------------------------------------
-- Data for table `chg21`.`petstore`
-- -----------------------------------------------------
START TRANSACTION;
USE `chg21`;
INSERT INTO `chg21`.`petstore` (`pst_id`, `pst_name`, `pst_street`, `pst_city`, `pst_state`, `pst_zip`, `pst_phone`, `pst_email`, `pst_url`, `pst_ytd_sales`, `pst_notes`) VALUES (1, 'Dog Galore', '123 Goodwood Link Rd.', 'Montgomery', 'FL', '635131095', 1234567890, 'erynf@yahoo.ca', 'gatorade.com', 920.12, NULL);
INSERT INTO `chg21`.`petstore` (`pst_id`, `pst_name`, `pst_street`, `pst_city`, `pst_state`, `pst_zip`, `pst_phone`, `pst_email`, `pst_url`, `pst_ytd_sales`, `pst_notes`) VALUES (2, 'Cat Galore', '75 Dairymoor Blvd.', 'Omaha', 'GA', '123529584', 5482053251, 'maikelnai@gmail.com', 'youtube.com', 123.52, NULL);
INSERT INTO `chg21`.`petstore` (`pst_id`, `pst_name`, `pst_street`, `pst_city`, `pst_state`, `pst_zip`, `pst_phone`, `pst_email`, `pst_url`, `pst_ytd_sales`, `pst_notes`) VALUES (3, 'Bird Galore', '803 Morgan Close', 'Santa Ana', 'FL', '592039583', 7632452154, 'evilopie@comcast.net', 'http://badge.example.org/', 152.31, NULL);
INSERT INTO `chg21`.`petstore` (`pst_id`, `pst_name`, `pst_street`, `pst_city`, `pst_state`, `pst_zip`, `pst_phone`, `pst_email`, `pst_url`, `pst_ytd_sales`, `pst_notes`) VALUES (4, 'PetsRUs', '393 Brighton Cedars', 'Baltimore', 'GA', '331390192', 8647564123, 'benits@live.com', 'https://www.example.com/bait/bat', 621.23, NULL);
INSERT INTO `chg21`.`petstore` (`pst_id`, `pst_name`, `pst_street`, `pst_city`, `pst_state`, `pst_zip`, `pst_phone`, `pst_email`, `pst_url`, `pst_ytd_sales`, `pst_notes`) VALUES (5, 'McPetStore', '219 Watling Meadow', 'New Orleans', 'FL', '734511034', 2345745324, 'mcast@hotmail.com', 'yahoo.com', 752.12, NULL);
INSERT INTO `chg21`.`petstore` (`pst_id`, `pst_name`, `pst_street`, `pst_city`, `pst_state`, `pst_zip`, `pst_phone`, `pst_email`, `pst_url`, `pst_ytd_sales`, `pst_notes`) VALUES (6, 'Pet King', '12 Stoke Causeway', 'Glendale', 'NY', '105925236', 7453621512, 'jugalator@aol.com', 'tallahassee.com', 634.63, NULL);
INSERT INTO `chg21`.`petstore` (`pst_id`, `pst_name`, `pst_street`, `pst_city`, `pst_state`, `pst_zip`, `pst_phone`, `pst_email`, `pst_url`, `pst_ytd_sales`, `pst_notes`) VALUES (7, 'Pets4U', '10 Welland Avenue', 'Greensboro', 'GA', '502965123', 7536534521, 'ramollin@sbcglobal.net', 'fsu.edu', 723.23, NULL);
INSERT INTO `chg21`.`petstore` (`pst_id`, `pst_name`, `pst_street`, `pst_city`, `pst_state`, `pst_zip`, `pst_phone`, `pst_email`, `pst_url`, `pst_ytd_sales`, `pst_notes`) VALUES (8, 'Animal Shelter', '2 Newport Oaks', 'Lubbock', 'NY', '950290942', 7576346525, 'vmalik@mac.com', 'google.com', 797.23, NULL);
INSERT INTO `chg21`.`petstore` (`pst_id`, `pst_name`, `pst_street`, `pst_city`, `pst_state`, `pst_zip`, `pst_phone`, `pst_email`, `pst_url`, `pst_ytd_sales`, `pst_notes`) VALUES (9, 'Tally Pets', '91 Thoroughbred Drive', 'Orlando', 'FL', '765342039', 3245235124, 'afasgj@gmail.com', 'cnn.com', 754.32, NULL);
INSERT INTO `chg21`.`petstore` (`pst_id`, `pst_name`, `pst_street`, `pst_city`, `pst_state`, `pst_zip`, `pst_phone`, `pst_email`, `pst_url`, `pst_ytd_sales`, `pst_notes`) VALUES (10, 'Doggie Daycare', '102 Cotton Hills Drive', 'Arlington', 'NY', '154366092', 5864753253, 'aracne@verizon.net', 'facebook.com', 609.12, NULL);

COMMIT;


-- -----------------------------------------------------
-- Data for table `chg21`.`customer`
-- -----------------------------------------------------
START TRANSACTION;
USE `chg21`;
INSERT INTO `chg21`.`customer` (`cus_id`, `cus_fname`, `cus_lname`, `cus_street`, `cus_city`, `cus_state`, `cus_zip`, `cus_phone`, `cus_email`, `cus_balance`, `cus_total_sales`, `cus_notes`) VALUES (1, 'Lowri', 'Weber', '8317 Woodland Ave. ', 'Pasadena', 'GA', '102953922', 9048563012, 'dimensio@gmail.com', 129.23, 9595.43, NULL);
INSERT INTO `chg21`.`customer` (`cus_id`, `cus_fname`, `cus_lname`, `cus_street`, `cus_city`, `cus_state`, `cus_zip`, `cus_phone`, `cus_email`, `cus_balance`, `cus_total_sales`, `cus_notes`) VALUES (2, 'Qasim', 'Milne', '9420 Marsh St. ', 'Crystal Lake', 'NY', '102956055', 3054931245, 'aukjan@gmail.com', 634.23, 234.23, NULL);
INSERT INTO `chg21`.`customer` (`cus_id`, `cus_fname`, `cus_lname`, `cus_street`, `cus_city`, `cus_state`, `cus_zip`, `cus_phone`, `cus_email`, `cus_balance`, `cus_total_sales`, `cus_notes`) VALUES (3, 'Arianne', 'Rutledge', '991 Hawthorne Lane ', 'North Brunswick', 'NY', '320659433', 9546751352, 'miltchev@live.com', 1231.23, 2342.32, NULL);
INSERT INTO `chg21`.`customer` (`cus_id`, `cus_fname`, `cus_lname`, `cus_street`, `cus_city`, `cus_state`, `cus_zip`, `cus_phone`, `cus_email`, `cus_balance`, `cus_total_sales`, `cus_notes`) VALUES (4, 'Kush', 'Mccormick', '245 South Tallwood Lane ', 'Saint Petersburg', 'WY', '322250192', 3210678943, 'jeteve@icloud.com', 643.34, 34.23, NULL);
INSERT INTO `chg21`.`customer` (`cus_id`, `cus_fname`, `cus_lname`, `cus_street`, `cus_city`, `cus_state`, `cus_zip`, `cus_phone`, `cus_email`, `cus_balance`, `cus_total_sales`, `cus_notes`) VALUES (5, 'Jana', 'Ibarra', '7846 Brewery St. ', 'Missoula', 'GA', '692831234', 9012349099, 'petersen@gmail.com', 755.45, 3453.43, NULL);
INSERT INTO `chg21`.`customer` (`cus_id`, `cus_fname`, `cus_lname`, `cus_street`, `cus_city`, `cus_state`, `cus_zip`, `cus_phone`, `cus_email`, `cus_balance`, `cus_total_sales`, `cus_notes`) VALUES (6, 'Emilee', 'Coombes', '32 Water St. ', 'Sulphur', 'FL', '098765678', 1235631414, 'satishr@outlook.com', 875.43, 657.54, NULL);
INSERT INTO `chg21`.`customer` (`cus_id`, `cus_fname`, `cus_lname`, `cus_street`, `cus_city`, `cus_state`, `cus_zip`, `cus_phone`, `cus_email`, `cus_balance`, `cus_total_sales`, `cus_notes`) VALUES (7, 'Rui', 'Gill', '7787 Sussex St. ', 'Potomac', 'CA', '102946910', 1233214567, 'jaarnial@sbcglobal.net', 797.54, 745.23, NULL);
INSERT INTO `chg21`.`customer` (`cus_id`, `cus_fname`, `cus_lname`, `cus_street`, `cus_city`, `cus_state`, `cus_zip`, `cus_phone`, `cus_email`, `cus_balance`, `cus_total_sales`, `cus_notes`) VALUES (8, 'Ronald', 'May', '85 Westminster St. ', 'Lake Zurich', 'PA', '293852342', 9098762423, 'acks@live.com', 634.23, 334.56, NULL);
INSERT INTO `chg21`.`customer` (`cus_id`, `cus_fname`, `cus_lname`, `cus_street`, `cus_city`, `cus_state`, `cus_zip`, `cus_phone`, `cus_email`, `cus_balance`, `cus_total_sales`, `cus_notes`) VALUES (9, 'Bronte', 'Foreman', '744 Edgefield Court ', 'Malden', 'MA', '140582323', 9283456766, 'louise@sbcglobal.net', 324.53, 6234.54, NULL);
INSERT INTO `chg21`.`customer` (`cus_id`, `cus_fname`, `cus_lname`, `cus_street`, `cus_city`, `cus_state`, `cus_zip`, `cus_phone`, `cus_email`, `cus_balance`, `cus_total_sales`, `cus_notes`) VALUES (10, 'Una', 'Ortiz', '7 Old Bridgeton Ave', 'Cranberry Twp', 'NY', '192845232', 1209076854, 'osaru@yahoo.ca', 755.45, 314.87, NULL);

COMMIT;


-- -----------------------------------------------------
-- Data for table `chg21`.`pet`
-- -----------------------------------------------------
START TRANSACTION;
USE `chg21`;
INSERT INTO `chg21`.`pet` (`pet_id`, `pst_id`, `cus_id`, `pet_type`, `pet_sex`, `pet_cost`, `pet_price`, `pet_age`, `pet_color`, `pet_sale_date`, `pet_vaccine`, `pet_neuter`, `pet_notes`) VALUES (1, 2, 1, 'Dog', 'm', 100.01, 642.23, 12, 'Black', '2021-04-12', 'y', 'y', NULL);
INSERT INTO `chg21`.`pet` (`pet_id`, `pst_id`, `cus_id`, `pet_type`, `pet_sex`, `pet_cost`, `pet_price`, `pet_age`, `pet_color`, `pet_sale_date`, `pet_vaccine`, `pet_neuter`, `pet_notes`) VALUES (2, 3, 3, 'Cat', 'm', 123.31, 235.12, 3, 'Green', '2018-06-20', 'y', 'y', NULL);
INSERT INTO `chg21`.`pet` (`pet_id`, `pst_id`, `cus_id`, `pet_type`, `pet_sex`, `pet_cost`, `pet_price`, `pet_age`, `pet_color`, `pet_sale_date`, `pet_vaccine`, `pet_neuter`, `pet_notes`) VALUES (3, 4, 4, 'Dog', 'f', 512.41, 653.23, 4, 'Blue', '2010-08-01', 'y', 'y', NULL);
INSERT INTO `chg21`.`pet` (`pet_id`, `pst_id`, `cus_id`, `pet_type`, `pet_sex`, `pet_cost`, `pet_price`, `pet_age`, `pet_color`, `pet_sale_date`, `pet_vaccine`, `pet_neuter`, `pet_notes`) VALUES (4, 5, NULL, 'Dog', 'f', 234.12, 656.53, 7, 'Yellow', '2011-02-09', 'y', 'y', NULL);
INSERT INTO `chg21`.`pet` (`pet_id`, `pst_id`, `cus_id`, `pet_type`, `pet_sex`, `pet_cost`, `pet_price`, `pet_age`, `pet_color`, `pet_sale_date`, `pet_vaccine`, `pet_neuter`, `pet_notes`) VALUES (5, 6, NULL, 'Cat', 'f', 123.65, 623.65, 2, 'Blonde', '2020-05-09', 'y', 'y', NULL);
INSERT INTO `chg21`.`pet` (`pet_id`, `pst_id`, `cus_id`, `pet_type`, `pet_sex`, `pet_cost`, `pet_price`, `pet_age`, `pet_color`, `pet_sale_date`, `pet_vaccine`, `pet_neuter`, `pet_notes`) VALUES (6, 7, 6, 'Bird', 'f', 643.23, 876.98, 1, 'Blonde', '2019-03-21', 'y', 'y', NULL);
INSERT INTO `chg21`.`pet` (`pet_id`, `pst_id`, `cus_id`, `pet_type`, `pet_sex`, `pet_cost`, `pet_price`, `pet_age`, `pet_color`, `pet_sale_date`, `pet_vaccine`, `pet_neuter`, `pet_notes`) VALUES (7, 9, NULL, 'Lizard', 'm', 856.32, 251.65, 7, 'Gray', '2021-01-10', 'y', 'y', NULL);
INSERT INTO `chg21`.`pet` (`pet_id`, `pst_id`, `cus_id`, `pet_type`, `pet_sex`, `pet_cost`, `pet_price`, `pet_age`, `pet_color`, `pet_sale_date`, `pet_vaccine`, `pet_neuter`, `pet_notes`) VALUES (8, 8, 3, 'Dog', 'm', 235.76, 758.45, 9, 'Grey', '2021-07-05', 'y', 'y', NULL);
INSERT INTO `chg21`.`pet` (`pet_id`, `pst_id`, `cus_id`, `pet_type`, `pet_sex`, `pet_cost`, `pet_price`, `pet_age`, `pet_color`, `pet_sale_date`, `pet_vaccine`, `pet_neuter`, `pet_notes`) VALUES (9, 1, NULL, 'Cat', 'm', 234.12, 973.24, 9, 'Black', '2009-09-17', 'y', 'y', NULL);
INSERT INTO `chg21`.`pet` (`pet_id`, `pst_id`, `cus_id`, `pet_type`, `pet_sex`, `pet_cost`, `pet_price`, `pet_age`, `pet_color`, `pet_sale_date`, `pet_vaccine`, `pet_neuter`, `pet_notes`) VALUES (10, 10, 5, 'Cat', 'm', 525.43, 638.11, 10, 'White', '2015-09-09', 'y', 'y', NULL);

COMMIT;

